DonorId,FirstName,LastName,StreetAddress,City,State
1,Kay,Way,2354 Bedford Street,Melville,CT
2,Catina,Elliott,3124 High Meadow Lane,Lakewood,PA
3,Oliver,Green,2594 Romines Mill Road,Dallas,TX
4,Harry,Ellis,2056 Stewart Street,Indianapolis,IN
5,Keri,Webster,3930 Green Avenue,Dublin,CA
6,Mary,Thompson,1781 George Avenue,Mobile,AL
7,Jose,Weakley,354 White Pine Lane,Oriskany,VA
8,Anton,Roman,3032 Jerry Toth Drive,Anchorage,AK
9,Elaine,Scott,1473 Beech Street,San Ramon,CA
10,Jeffrey,Witt,3815 Private Lane,Valdosta,GA
11,Susanne,Shuttleworth,1888 Fraggle Drive,Hickory Hills,IL
12,Ronald,Jarvis,4916 Anmoore Road,Brooklyn,NY
13,Thomas,Hyman,4553 Heron Way,Portland,OR
14,Reginald,Perez,3138 Heavner Court,West Bend,IA
15,James,Harbison,1626 Ashmor Drive,Wadena,MN
16,Andrea,Lara,1917 Koontz Lane,Los Angeles,CA
17,Zelda,Brower,4695 Pearlman Avenue,Gloucester,MA
18,Larry,Walker,3914 Poplar Chase Lane,Homedale,ID
19,Miguel,Mund,835 Maud Street,Wilmington,DE
20,Hazel,Herring,4127 Kelly Street,Charlotte,NC
21,Sandra,Roberson,1908 Elmwood Avenue,Scottsdale,AZ
22,Ricky,Yedinak,3401 Seltice Way,Lava Hot Springs,ID
23,Peter,Mercer,3704 Ferguson Street,Marlboro,MA
24,Barry,Ramsey,3388 Indiana Avenue,Paia,HI
25,John,Bender,706 Leo Street,Washington,PA
26,Caren,Johnson,4011 Fleming Way,Richmond,VA
27,Mary,Ashley,3687 Sand Fork Road,Mishawaka,IN
28,Timothy,Hollen,285 Allison Avenue,Virginia Beach,VA
29,Donald,Blackwell,3258 Valley View Drive,Boston,MA
30,Amy,Villarreal,136 Lodgeville Road,Minneapolis,MN
31,Eric,Wolcott,1392 Eagle Street,Murphysboro,IL
32,Bradley,Landa,4831 Corpening Drive,Pontiac,MI
33,Leo,Rollins,1587 Custer Street,Sheffield,PA
34,Geoffrey,Peoples,301 Tyler Avenue,Ft Lauderdale,FL
35,Scott,Adams,2131 Fittro Street,Marked Tree,AR
36,Greg,Rodriguez,3463 Austin Secret Lane,Salt Lake City,UT
37,Eula,Britt,504 Friendship Lane,Santa Clara,CA
38,Tina,Smith,1947 Stroop Hill Road,Atlanta,GA
39,Rose,Wall,3451 Hannah Street,Asheville,NC
40,Ryan,Haggard,3296 Jones Street,Fort Worth,TX
41,Lyle,Cole,3247 Upton Avenue,Rangeley,ME
42,Angeline,Tyree,982 Ashwood Drive,Council Bluffs,IA
43,Burma,Trumbull,4272 Ryan Road,Wessington Springs,SD
44,Vickie,Canales,2943 Romines Mill Road,Rowlett,TX
45,Rex,Primus,2523 Woodhill Avenue,Columbia,MD
46,Antoinette,Rech,3511 Star Trek Drive,Panama City,FL
47,Tomika,Arellano,4261 Meadow Drive,Missoula,MT
48,Nathan,Hitchcock,4171 Margaret Street,Houston,TX
49,Gabrielle,Mcadams,827 Brannon Avenue,Jacksonville,FL
50,Ann,Kleist,4663 Rocket Drive,Minneapolis,MN
